Rank,Name,Revenue,Revenue in percentage,Profit,Profit in percentage,Assets,employees,years on global 500 list
1,Walmart,648125.0,0.06,15511.0,0.32799999999999996,252399.0,2100000,30
2,Amazon,574785.0,0.11800000000000001,30425.0,0.32799999999999996,527854.0,1525000,16
3,State Grid,545947.5,0.03,9204.3,0.124,781126.2,1361423,24
4,Saudi Aramco,494890.1,-0.18,120699.3,-0.24100000000000002,660819.2,73311,6
5,Sinopec Group,429699.7,-0.08800000000000001,9393.4,-0.027000000000000003,382688.0,513434,26
6,China National Petroleum,421713.6,-0.127,21294.7,0.01,630562.0,1026301,24
7,Apple,383285.0,-0.027999999999999997,96995.0,-0.027999999999999997,352583.0,161000,22
8,UnitedHealth Group,371622.0,0.146,22381.0,0.11199999999999999,273720.0,440000,28
9,Berkshire Hathaway,364482.0,0.207,96223.0,0.11199999999999999,1069978.0,396500,28
10,CVS Health,357776.0,0.11,8344.0,1.011,249728.0,259500,29
11,Volkswagen,348408.1,0.18600000000000003,17944.5,0.105,663063.8,684025,30
12,Exxon Mobil,344582.0,-0.16699999999999998,36010.0,-0.354,376317.0,61500,30
13,Shell,323183.0,-0.163,19359.0,-0.542,406270.0,103000,30
14,China State Construction Engineering,320430.5,0.048,4371.5,0.033,410143.8,382894,13
15,Toyota Motor,312018.2,0.13699999999999998,34214.4,0.889,595915.2,380793,30
16,McKesson,308951.0,0.11699999999999999,3002.0,-0.157,67443.0,48000,30
17,Alphabet,307394.0,0.087,73795.0,0.231,402392.0,182502,16
18,Cencora,262173.4,0.099,1745.3,0.027000000000000003,62558.8,44000,25
19,Trafigura Group,244280.2,-0.233,7393.2,0.057,83382.5,12479,10
20,Costco Wholesale,242290.0,0.068,6292.0,0.077,68994.0,316000,30
21,JPMorgan Chase,239425.0,0.547,49552.0,0.315,3875393.0,309926,30
22,Industrial & Commercial Bank of China,222484.2,0.036000000000000004,51417.0,-0.040999999999999995,6297314.5,419252,26
23,TotalEnergies,218945.0,-0.16899999999999998,21384.0,0.042,283654.0,102579,30
24,Glencore,217829.0,-0.149,4280.0,-0.753,123869.0,83426,14
25,BP,213032.0,-0.14400000000000002,15239.0,-0.753,280294.0,79400,30
26,Microsoft,211915.0,0.069,72361.0,-0.005,411976.0,221000,27
27,Cardinal Health,205012.0,0.13,261.0,-0.005,43417.0,47520,27
28,Stellantis,204908.3,0.085,20103.4,0.138,223247.2,258275,19
29,Chevron,200949.0,-0.184,21369.0,-0.39799999999999996,261632.0,45600,30
30,China Construction Bank,199826.1,-0.013999999999999999,46990.0,-0.024,5399535.9,376871,25
31,Samsung Electronics,198256.7,-0.153,11081.7,-0.7390000000000001,351936.8,267860,30
32,Hon Hai Precision Industry,197876.0,-0.111,4562.9,-0.04,128549.6,621393,20
33,Cigna,195265.0,0.08199999999999999,5164.0,-0.226,152761.0,71413,29
34,Agricultural Bank of China,192398.3,0.028999999999999998,38048.7,-0.012,5617654.6,451003,25
35,China Railway Engineering Group,178562.9,0.04,2152.5,0.057999999999999996,258817.8,314149,10
36,Ford Motor,176191.0,0.115,4347.0,0.057999999999999996,273310.0,177000,30
37,Bank of China,172327.6,0.098,32758.3,-0.031,4569326.6,306931,30
38,Bank of America,171912.0,0.494,26515.0,-0.037000000000000005,3180151.0,212985,30
39,General Motors,171842.0,0.096,10127.0,0.019,273064.0,163000,30
40,Elevance Health,171340.0,0.094,5987.0,-0.006,108928.0,104900,23
41,BMW,168102.6,0.121,12205.2,-0.353,277104.0,154950,30
42,Mercedes-Benz Group,165637.8,0.05,15417.0,0.011000000000000001,290503.6,166056,30
43,China Railway Construction,160847.4,-0.013000000000000001,1701.0,-0.055,234976.9,336433,13
44,China Baowu Steel Group,157216.3,-0.027999999999999997,2493.8,-0.055,191964.1,258697,21
45,Citigroup,156820.0,0.552,9228.0,-0.37799999999999995,2411834.0,237925,30
46,Centene,153999.0,0.065,2702.0,1.248,84641.0,67700,9
47,JD.com,153217.4,-0.015,3413.8,1.212,88613.1,517124,9
48,Home Depot,152669.0,-0.03,15143.0,-0.115,76530.0,463100,30
49,Electricité de France,151040.2,0.001,10827.9,-0.115,402929.1,171862,30
50,Marathon Petroleum,150307.0,-0.165,9681.0,-0.33299999999999996,85987.0,18200,13
51,Kroger,150039.0,0.012,2164.0,-0.036000000000000004,50505.0,414000,30
52,Phillips 66,149890.0,-0.147,7015.0,-0.364,75501.0,14000,12
53,Ping An Insurance,145759.1,-0.19699999999999998,12100.9,-0.027999999999999997,1631972.9,288751,15
54,Sinochem Holdings,143240.0,-0.17600000000000002,-3666.0,-0.027999999999999997,223940.0,203727,3
55,China Mobile Communications,142832.4,0.023,15253.4,0.036000000000000004,338346.6,453394,24
56,China National Offshore Oil,141731.8,-0.14,14559.2,-0.14300000000000002,225842.1,82560,18
57,Honda Motor,141348.5,0.132,7660.6,0.5920000000000001,196892.9,194993,30
58,Fannie Mae,141240.0,0.162,17408.0,0.34700000000000003,4325437.0,8100,27
59,China Life Insurance,139615.9,-0.078,-841.2,-1.123,954017.3,176625,22
60,Walgreens Boots Alliance,139081.0,0.048,-3080.0,-1.71,96628.0,268500,30
61,Valero Energy,139001.0,-0.188,8835.0,-0.23399999999999999,63056.0,9897,24
62,Banco Santander,137244.8,0.38299999999999995,11973.8,0.185,1984826.6,207206,30
63,China Communications Construction,136670.7,-0.012,1672.3,0.33299999999999996,361452.7,219034,17
64,BNP Paribas,136076.2,0.519,11864.6,0.106,2862269.7,182656,30
65,Mitsubishi,135389.8,-0.151,6670.2,-0.235,155135.4,80037,30
66,Meta Platforms,134902.0,0.157,39098.0,0.685,229623.0,67317,8
67,HSBC Holdings,134901.0,0.536,23533.0,0.46799999999999997,3038677.0,220861,30
68,Verizon Communications,133974.0,-0.021,11614.0,-0.45399999999999996,380255.0,105400,30
69,China Minmetals,132019.7,-0.011000000000000001,766.0,-0.126,159608.7,175524,18
70,Alibaba Group Holding,131337.9,0.036000000000000004,11165.1,0.051,244426.0,204891,8
71,CITIC Group,131242.3,0.302,4124.6,0.057,1617680.9,213290,16
72,China Resources,126169.5,0.037000000000000005,3797.5,-0.185,367033.5,394112,15
73,Hyundai Motor,124576.7,0.128,9158.6,0.605,218047.7,73502,29
74,AT&T,122428.0,0.013999999999999999,14400.0,0.605,407060.0,150470,30
75,Shandong Energy Group,122383.2,-0.013999999999999999,829.6,24.463,141176.3,214409,7
76,Comcast,121572.0,0.001,15388.0,1.8659999999999999,264811.0,186000,22
77,Deutsche Telekom,121046.2,0.008,19229.9,1.285,320637.3,199652,30
78,China Southern Power Grid,118813.5,0.045,2342.2,0.546,173039.2,268471,20
79,Uniper,116662.5,-0.595,6819.3,0.546,60703.6,6863,6
80,Wells Fargo,115340.0,0.392,19142.0,0.452,1932468.0,226000,27
81,Hengli Group,114664.5,0.261,980.8,1.7519999999999998,52686.3,173250,8
82,Allianz,113517.7,-0.12,9233.3,0.303,1085900.2,157883,30
83,China Post Group,112778.5,0.023,5884.5,0.20199999999999999,2310571.9,728776,14
84,China Energy Investment,112048.7,-0.078,6339.1,0.11199999999999999,294883.2,309037,15
85,Xiamen C&D,110665.6,-0.122,1057.6,1.328,125003.2,62740,8
86,Reliance Industries,108877.9,-0.006,8412.5,0.013000000000000001,210698.9,347000,21
87,Goldman Sachs Group,108418.0,0.578,8516.0,-0.244,1641594.0,45300,25
88,Freddie Mac,108050.0,0.24600000000000002,10538.0,0.13,3280976.0,8020,28
89,Rosneft Oil,107543.1,0.24600000000000002,14870.4,0.13,209569.9,323900,18
90,Target,107412.0,-0.016,4138.0,0.489,55356.0,415000,30
91,Equinor,107174.0,-0.289,11885.0,-0.5870000000000001,143580.0,23449,30
92,Humana,106374.0,0.145,2489.0,-0.113,47065.0,67600,26
93,SAIC Motor,105195.7,-0.049,1992.6,-0.168,141825.7,149505,13
94,State Farm Insurance,104198.6,0.16699999999999998,-6272.3,-0.168,339484.7,65054,30
95,Life Insurance Corp. of India,103547.6,0.051,4944.0,0.10300000000000001,637867.0,98463,3
96,Nestlé,103505.2,0.046,12475.4,0.285,150422.0,270000,30
97,Enel,103311.4,-0.301,3716.7,1.101,215621.8,61055,30
98,ENI,102501.7,-0.271,5157.7,-0.647,157506.1,33142,30
99,Petrobras,102409.0,-0.177,24884.0,-0.321,217067.0,46730,30
100,SK,101968.8,-0.038,-594.8,-1.699,159770.8,114950,9
101,E.ON,101280.1,-0.16699999999999998,558.9,-0.71,125365.6,72242,30
102,Gazprom,100252.5,-0.40299999999999997,-7383.4,-1.419,320303.3,492200,28
103,Huawei Investment & Holding,99470.3,0.042,12274.4,1.324,178026.6,207000,15
104,Société Générale,99163.4,0.564,2695.1,0.27,1716418.2,124089,28
105,Bosch,99020.7,0.067,2271.3,0.6609999999999999,119648.8,429416,30
106,COFCO,97765.1,-0.113,1270.3,-0.281,102941.0,111630,30
107,Itochu,97074.1,-0.057999999999999996,5547.5,-0.062,95818.7,136334,30
108,PowerChina,97034.9,-0.02,775.9,0.25,198668.8,184567,13
109,Pemex,96978.8,-0.182,457.1,-0.909,136067.6,128616,30
110,Tesla,96773.0,0.188,14997.0,0.19399999999999998,106618.0,140473,4
111,Morgan Stanley,96194.0,0.45899999999999996,9087.0,-0.17600000000000002,1193693.0,80006,27
112,Sinopharm,96072.2,0.021,1149.5,0.044000000000000004,82842.7,202426,12
113,Brookfield,95924.0,0.034,1130.0,-0.45,490095.0,240000,8
114,Royal Ahold Delhaize,95834.8,0.048,2025.9,-0.243,52817.5,232000,30
115,Johnson & Johnson,95195.0,0.003,35153.0,0.9590000000000001,167558.0,131900,24
116,Indian Oil,94273.0,-0.105,5042.3,3.135,57878.1,31942,30
117,Archer Daniels Midland,93935.0,-0.075,3483.0,-0.198,54631.0,41008,30
118,Crédit Agricole,93358.1,0.08,6862.6,0.2,2418155.5,75125,30
119,Christian Dior,93136.5,0.11800000000000001,6815.0,0.11800000000000001,155592.0,197141,24
120,NTT (Nippon Telegraph & Telephone),92539.7,-0.047,8853.1,-0.012,195769.2,338467,30
121,Mitsui,92196.4,-0.128,7359.7,-0.11900000000000001,111754.4,53602,30
122,Carrefour,91790.6,0.019,1793.5,0.265,62040.0,305333,30
123,PepsiCo,91471.0,0.059000000000000004,9074.0,0.018000000000000002,100495.0,318000,30
124,UPS,90958.0,-0.094,6708.0,-0.419,70857.0,382550,30
125,PTT,90418.7,-0.06,3221.1,0.237,100741.3,30772,21
126,AXA,90405.8,-0.171,7771.7,0.107,711783.7,94705,30
127,FedEx,90155.0,-0.036000000000000004,3972.0,0.038,87143.0,423228,30
128,Sony,90091.8,0.057,6715.5,-0.03,225548.8,113000,30
129,China FAW Group,89485.0,0.021,2864.2,-0.255,94499.6,119658,20
130,Engie,89257.7,-0.182,2387.0,9.507,214976.8,97297,29
131,Walt Disney,88898.0,0.075,2354.0,-0.252,205579.0,199125,30
132,Orlen,88717.6,0.423,4921.8,-0.34600000000000003,67205.5,66554,16
133,Dell Technologies,88425.0,-0.136,3211.0,0.315,82089.0,120000,24
134,DHL Group,88385.3,-0.11,3975.1,-0.295,73795.0,551233,30
135,China Telecommunications,87961.5,0.009000000000000001,2150.8,0.044000000000000004,151916.7,391691,25
136,Nissan Motor,87773.5,0.121,2952.0,0.8009999999999999,131299.8,141855,30
137,Royal Bank of Canada,87498.7,0.6809999999999999,11019.0,-0.102,1444726.9,91398,30
138,Zhejiang Rongsheng Holding Group,86535.6,0.004,74.6,-0.561,57831.0,23373,4
139,Lowe's,86377.0,-0.11,7726.0,0.2,41795.0,226000,27
140,Tesco,86231.3,0.08199999999999999,1486.9,0.647,59497.9,225659,30
141,Tencent Holdings,86028.3,0.044000000000000004,16275.2,-0.418,222216.2,105417,8
142,Xiamen ITG Holding Group,85818.8,-0.168,178.9,-0.382,50244.4,34289,8
143,BYD,85082.0,0.35,4243.5,0.7170000000000001,95740.6,703504,3
144,Nippon Life Insurance,83090.0,0.16699999999999998,2854.0,2.2680000000000002,645391.8,85740,30
145,Siemens,82931.9,0.065,8476.7,1.105,153510.1,320000,30
146,Japan Post Holdings,82905.5,0.008,1859.1,-0.41600000000000004,1975196.1,221387,28
147,Aviation Industry Corp. of China,82654.1,0.012,1644.1,0.076,187461.3,384000,16
148,Mitsubishi UFJ Financial Group,82270.3,0.2,10314.8,0.251,2669641.2,145412,23
149,Procter & Gamble,82006.0,0.023,14653.0,-0.006,120829.0,107000,30
150,Wuchan Zhongda Group,81952.4,-0.044000000000000004,510.9,-0.121,23406.5,26354,14
151,Seven & I Holdings,80124.6,-0.09,1568.9,-0.251,70788.7,117540,19
152,Albertsons,79237.7,0.021,1296.0,-0.14400000000000002,26221.1,196650,20
153,ENEOS Holdings,79020.5,-0.136,1993.5,0.877,67031.8,50269,30
154,Bank of Communications,78757.1,0.006999999999999999,13098.6,-0.044000000000000004,1980962.0,94275,16
155,Energy Transfer,78586.0,-0.126,3935.0,-0.17300000000000001,113698.0,13786,11
156,U.S. Postal Service,78383.0,-0.003,-6478.0,-1.1159999999999999,45289.0,582781,30
157,Jiangxi Copper,78243.2,0.044000000000000004,371.2,-0.2,31154.0,32746,12
158,People's Insurance Co. of China,78181.7,-0.146,3153.2,-0.133,219318.9,175881,15
159,Boeing,77794.0,0.168,-2222.0,-0.133,137012.0,171000,30
160,China North Industries Group,76506.9,-0.075,1933.0,0.081,78674.5,216528,15
161,Pacific Construction Group,76433.0,-0.038,5035.3,-0.03,59040.1,293125,11
162,Kia,76419.4,0.14,6720.2,0.604,62240.7,52871,13
163,Sysco,76324.7,0.11199999999999999,1770.1,0.303,22821.2,71750,30
164,Dai-ichi Life Holdings,76304.8,0.085,2219.4,0.562,446636.1,59495,30
165,Pertamina,75787.8,-0.107,4441.4,0.16699999999999998,91123.6,40415,11
166,Vinci,75550.9,0.149,5083.1,0.135,130945.4,279426,24
167,Petronas,75409.6,-0.11699999999999999,16320.1,-0.223,168475.2,54105,28
168,Toronto-Dominion Bank,75063.3,0.541,7995.6,-0.409,1410162.9,103257,25
169,Lukoil,75012.8,0.541,13551.9,-0.409,95935.4,107596,24
170,Shaanxi Coal & Chemical Industry,74776.7,-0.013999999999999999,1113.7,-0.19699999999999998,100857.7,140142,10
171,Shenghong Holding Group,74700.8,0.22,548.5,0.282,31761.6,56863,5
172,BASF,74487.2,-0.18899999999999997,243.2,0.282,85481.6,111991,30
173,China Poly Group,73998.5,0.09300000000000001,988.2,-0.233,254160.5,102834,10
174,Groupe BPCE,73774.7,0.546,3031.3,-0.271,1705477.1,97835,15
175,Shandong Weiqiao Pioneering Group,73484.5,-0.019,1192.3,0.28,39326.0,97281,13
176,JBS,72863.2,0.003,-212.5,-1.071,42483.1,272565,15
177,Alimentation Couche-Tard,71856.7,0.14400000000000002,3090.9,0.152,29049.2,128000,11
178,State Bank of India,71844.0,0.21899999999999997,8106.0,0.17,807979.1,232296,19
179,China Merchants Bank,71514.6,-0.011000000000000001,20708.7,0.009000000000000001,1553788.9,116529,13
180,Oil & Natural Gas,71466.1,-0.092,5947.6,0.348,85215.3,36549,18
181,Guangzhou Automobile Industry Group,71386.1,-0.077,345.4,-0.446,59258.7,110847,12
182,UBS Group,71245.0,0.659,27849.0,2.65,1717246.0,112842,30
183,Airbus,70751.0,0.145,4096.1,-0.083,131291.1,147893,30
184,Toyota Tsusho,70498.4,-0.031,2293.3,0.092,46686.9,69517,16
185,Zhejiang Geely Holding Group,70356.8,0.165,812.6,-0.14,94120.3,143994,13
186,Taiwan Semiconductor,69415.8,-0.087,27350.4,-0.18,180507.6,76478,10
187,XMXYG,69286.9,-0.172,14.5,-0.9520000000000001,46717.0,33214,7
188,RTX,68920.0,0.027999999999999997,3195.0,-0.385,161869.0,185000,30
189,Itau Unibanco Holding,68455.0,0.195,6630.1,0.152,524123.6,95702,11
190,ArcelorMittal,68275.0,-0.145,919.0,-0.9009999999999999,93917.0,126756,20
191,GE Aerospace (General Electric),67954.0,-0.11199999999999999,9481.0,41.138000000000005,163045.0,125000,30
192,Beijing Automotive Group,67852.2,0.009000000000000001,328.1,0.10800000000000001,65757.0,90000,12
193,Lockheed Martin,67571.0,0.024,6920.0,0.207,52456.0,122000,30
194,Koç Holding,67482.7,0.239,3037.6,-0.28,96811.7,119306,23
195,American Express,67364.0,0.21100000000000002,8374.0,0.115,261108.0,74600,30
196,Hitachi,67313.8,-0.163,4081.5,-0.149,80817.9,268655,30
197,Roche Group,67269.8,-0.033,12797.1,-0.017,107533.6,103605,30
198,Wilmar International,67155.3,-0.085,1524.8,-0.365,61808.7,114123,16
199,Caterpillar,67060.0,0.128,10335.0,0.541,87476.0,113200,30
200,Banco Bilbao Vizcaya Argentaria,66978.1,0.46399999999999997,8669.0,0.284,856591.6,121486,30
201,Korea Electric Power,66977.2,0.226,-3692.4,0.284,185048.1,48696,30
202,MetLife,66905.0,-0.043,1578.0,-0.379,687584.0,45000,30
203,AEON,66727.0,-0.019,312.2,0.958,86485.8,381084,30
204,Lloyds Banking Group,66697.6,3.9960000000000004,6785.7,0.008,1123442.5,62569,29
205,Deutsche Bank,65978.1,0.56,6845.3,0.201,1454899.5,90130,30
206,China Vanke,65789.5,-0.122,1718.1,-0.489,212019.5,131097,9
207,HCA Healthcare,64968.0,0.079,5242.0,-0.071,56211.0,265000,30
208,Sumitomo Mitsui Financial Group,64718.3,0.426,6662.7,0.11900000000000001,1952365.4,120373,30
209,LG Electronics,64490.5,-0.006999999999999999,545.8,-0.41100000000000003,46502.9,74000,24
210,Unilever,64435.5,0.02,7012.8,-0.128,83130.1,128377,30
211,Accenture,64111.8,0.040999999999999995,6871.6,-0.001,51245.3,732819,23
212,Barclays,63800.6,0.41700000000000004,6535.9,-0.106,1883108.6,92400,30
213,Jinneng Holding Group,63639.8,-0.182,993.6,1.77,159091.1,439051,12
214,Aluminum Corp. of China,63595.4,-0.174,876.5,-0.484,86868.0,124995,17
215,Munich Re Group,63353.3,-0.16399999999999998,4979.4,0.38,302400.0,42812,30
216,Sberbank,63329.9,0.133,17743.5,3.4819999999999998,583489.4,210753,17
217,Banco do Brasil,63322.2,0.145,5980.4,0.11699999999999999,443906.4,86220,30
218,Progressive,62108.5,0.252,3902.4,4.409,88690.8,61432,11
219,IBM,61860.0,0.022000000000000002,7502.0,3.577,135241.0,296600,30
220,Nippon Steel Corporation,61359.1,0.040999999999999995,3801.2,-0.259,70854.6,121236,30
221,Deere,61251.0,0.165,10166.0,0.426,104087.0,82956,30
222,Nvidia,60922.0,1.2590000000000001,29760.0,5.813,65728.0,29600,1
223,StoneX Group,60856.1,-0.078,238.5,0.152,21938.7,4137,14
224,Zurich Insurance Group,60645.0,0.45299999999999996,4351.0,-0.055,361382.0,59593,30
225,Bouygues,60599.9,0.298,1124.3,0.099,67093.0,201498,30
226,Mizuho Financial Group,60503.6,0.41700000000000004,4698.0,0.145,1842826.0,52307,24
227,Daimler Truck Holding,60420.4,0.128,4081.0,0.456,78652.5,102946,2
228,ING Group,60401.0,0.257,4475.6,-0.649,1082724.8,59434,30
229,Merck (U.S.),60115.0,0.013999999999999999,365.0,-0.975,106675.0,71000,30
230,Bunge Global,59540.0,-0.114,2243.0,0.39299999999999996,25372.0,23000,22
231,Anheuser-Busch InBev,59380.0,0.027999999999999997,5341.0,-0.105,219340.0,154540,19
232,Industrial Bank,59152.3,-0.03,10893.3,-0.198,1431193.6,66569,12
233,POSCO Holdings,58999.2,-0.10400000000000001,1300.3,-0.46799999999999997,78342.4,44501,30
234,Panasonic Holdings,58787.4,-0.05,3072.0,0.5660000000000001,62235.1,228420,30
235,ConocoPhillips,58574.0,-0.287,10957.0,-0.413,95924.0,9900,29
236,Pfizer,58496.0,-0.41700000000000004,2119.0,-0.9329999999999999,226501.0,88000,30
237,Delta Air Lines,58048.0,0.14800000000000002,4609.0,2.497,73644.0,103000,29
238,China Huaneng Group,57890.8,-0.085,1632.1,0.45,219905.8,124623,16
239,China Energy Engineering Group,57708.1,0.051,600.0,0.102,112892.8,119182,11
240,Dongfeng Motor,57595.9,-0.158,-391.6,-1.3230000000000002,71051.6,122658,15
241,TD Synnex,57555.4,-0.077,626.9,-0.038,29412.8,28000,4
242,Publix Super Markets,57534.0,0.047,4349.0,0.49,34384.0,253000,30
243,Zhejiang Hengyi Group,57468.0,0.002,23.5,0.49,18826.8,22417,4
244,Allstate,57094.0,0.111,-188.0,0.49,103362.0,53200,29
245,Assicurazioni Generali,57022.6,-0.335,4050.7,0.32299999999999995,561752.8,81879,30
246,Cisco Systems,56998.0,0.106,12613.0,0.068,101852.0,84900,25
247,Repsol,56980.5,-0.214,3424.8,-0.23399999999999999,68072.7,23943,30
248,Lenovo,56863.8,-0.08199999999999999,1010.5,-0.37200000000000005,38751.0,69500,15
249,HBIS Group,56728.3,-0.048,23.7,-0.522,76868.2,97802,16
250,Contemporary Amperex Technology,56632.8,0.159,6232.5,0.364,101040.9,116055,2
251,Renault,56621.6,0.134,2376.2,0.364,134651.0,105497,30
252,Banco Bradesco,56490.5,0.095,2854.2,-0.298,397255.5,79583,28
253,China Electronics Technology Group,56083.8,0.004,2563.0,-0.038,92803.8,241097,9
254,Nationwide,54609.4,0.061,-45.2,-1.046,290615.0,24118,30
255,Charter Communications,54607.0,0.011000000000000001,4557.0,-0.099,147193.0,101100,8
256,State Power Investment,54484.6,0.009000000000000001,1615.9,1.173,247045.1,127514,13
257,Edeka Zentrale,54454.6,0.10099999999999999,461.7,0.027000000000000003,11957.2,410700,26
258,Bharat Petroleum,54413.1,-0.08,3245.4,11.229000000000001,24287.9,8511,21
259,AbbVie,54318.0,-0.064,4863.0,-0.589,134711.0,50000,9
260,New York Life Insurance,54317.2,-0.071,804.6,-0.589,408904.9,15384,30
261,Intel,54228.0,-0.14,1689.0,-0.789,191572.0,124800,30
262,TJX,54217.0,0.086,4474.0,0.27899999999999997,29747.0,349000,23
263,Novartis,54088.0,0.044000000000000004,14850.0,1.135,99945.0,76057,30
264,Rio Tinto Group,54041.0,-0.027000000000000003,10058.0,-0.19,103549.0,57174,19
265,Tsingshan Holding Group,53980.0,-0.013000000000000001,1554.2,0.067,20646.7,107805,6
266,Prudential Financial (U.S.),53979.0,-0.10099999999999999,2488.0,0.067,721123.0,40366,30
267,COSCO Shipping,53929.6,-0.42100000000000004,3584.4,-0.425,151544.5,106221,17
268,BHP Group,53817.0,-0.247,12921.0,-0.5820000000000001,101296.0,42319,30
269,HP,53718.0,-0.146,3263.0,0.042,37004.0,58000,30
270,United Airlines Holdings,53717.0,0.195,2618.0,2.552,71104.0,103300,27
271,Tata Motors,53634.9,0.228,3794.0,11.619000000000002,44475.6,91496,15
272,Performance Food Group,53354.7,0.131,397.2,2.531,12499.0,34825,4
273,Iberdrola,53334.1,-0.06,5192.3,0.138,165709.1,41448,20
274,Deutsche Bahn,53197.9,-0.102,-2566.4,0.138,85566.6,326781,30
275,Idemitsu Kosan,53042.6,-0.13699999999999998,1581.1,-0.156,33145.7,16571,30
276,Tyson Foods,52881.0,-0.008,-648.0,-1.2,36251.0,139000,23
277,Midea Group,52789.6,0.027000000000000003,4763.2,0.084,68477.3,198613,9
278,American Airlines Group,52788.0,0.078,822.0,5.472,63058.0,132100,29
279,China United Network Communications,52632.3,-0.003,1154.5,0.064,93387.4,242891,16
280,Liberty Mutual Insurance Group,52612.0,0.053,213.0,-0.486,165208.0,45000,30
281,Bank of Nova Scotia,52535.8,0.444,5495.0,-0.28600000000000003,1016565.1,89483,27
282,Volvo,52101.5,0.113,4696.3,0.451,66905.7,97440,30
283,Intesa Sanpaolo,52004.4,0.33899999999999997,8350.1,0.823,1064247.9,94368,26
284,Saint-Gobain,51830.3,-0.038,2917.8,-0.076,63285.8,144422,30
285,Shaanxi Yanchang Petroleum (Group),51525.9,-0.013000000000000001,997.3,0.146,68398.2,130427,12
286,Bayer,51498.4,-0.035,-3179.4,-1.7280000000000002,128406.2,99723,30
287,Tokio Marine Holdings,51371.9,0.046,4814.4,0.731,202320.3,43870,30
288,Nike,51217.0,0.09699999999999999,5070.0,-0.161,37531.0,83700,18
289,Maersk Group,51065.0,-0.374,3822.0,-0.8690000000000001,82100.0,105909,21
290,Phoenix Pharma,50934.9,0.33899999999999997,234.6,-0.069,15538.0,41276,14
291,Greenland Holding Group,50897.0,-0.215,-1349.9,-9.99,168210.2,59970,13
292,Shanghai Pudong Development Bank,50864.5,-0.059000000000000004,5184.5,-0.319,1269019.6,63582,12
293,Louis Dreyfus,50624.0,-0.155,1013.0,0.006999999999999999,22076.0,17017,11
294,Bank of Montreal,50495.0,0.45399999999999996,3237.0,-0.6920000000000001,931889.3,55767,14
295,ZF Friedrichshafen,50406.6,0.094,-33.5,-1.14,43262.7,165938,11
296,KB Financial Group,50228.4,0.151,3546.5,0.042,552514.4,25003,12
297,Sanofi,50208.7,0.052000000000000005,5837.7,-0.337,139677.5,86088,20
298,Marubeni,50166.9,-0.261,3261.7,-0.187,59010.7,53804,30
299,Oracle,49954.0,0.177,8503.0,0.266,134384.0,164000,18
300,Jinchuan Group,49900.7,0.009000000000000001,1359.5,0.222,21777.0,31025,6
301,Swiss Re,49800.0,0.083,3214.0,5.809,179576.0,14719,30
302,Chubb,49735.0,0.152,9028.0,0.6990000000000001,230682.0,40000,8
303,Enterprise Products Partners,49715.0,-0.146,5532.0,0.008,70982.0,7500,14
304,Capital One Financial,49484.0,0.29,4887.0,-0.336,478464.0,51987,14
305,Denso,49435.0,0.045,2164.2,-0.069,60133.4,162029,30
306,HDFC Bank,49299.1,0.934,7740.8,0.35100000000000003,483578.8,213527,1
307,China National Building Material Group,49088.8,-0.131,198.2,-0.685,99339.9,206518,14
308,Veolia Environnement,49027.1,0.087,1013.0,0.34600000000000003,80148.0,218288,22
309,China State Shipbuilding,48890.1,-0.055999999999999994,2408.4,-0.111,143707.9,196309,4
310,Vodafone Group,48871.9,0.027999999999999997,1236.2,-0.9,155751.0,96282,25
311,Plains GP Holdings,48712.0,-0.151,198.0,0.179,28597.0,4200,9
312,Landesbank Baden-Württemberg,48566.6,1.3780000000000001,1080.0,-0.32299999999999995,368130.1,10434,17
313,EXOR Group,48368.8,0.052000000000000005,4534.0,0.02,104681.9,83773,14
314,Jingye Group,48120.0,0.053,248.9,-0.244,13369.9,33000,4
315,UniCredit Group,48044.4,0.684,10277.6,0.513,866991.4,70752,27
316,Energie Baden-Württemberg,48032.2,-0.185,1662.2,-0.091,71481.0,26943,14
317,Tokyo Electric Power,47868.9,-0.16899999999999998,1853.3,-0.091,96518.2,38183,30
318,Sumitomo,47812.9,-0.051,2673.2,-0.36,72957.2,79692,30
319,World Kinect,47710.6,-0.192,52.9,-0.536,7375.3,5289,12
320,Orange,47698.5,0.043,2637.8,0.16899999999999998,121550.7,127109,30
321,HD Hyundai,46959.0,-0.004,202.5,-0.8140000000000001,52479.4,34097,2
322,Ingka Group,46938.0,0.017,1596.7,4.069,61283.2,165353,4
323,ANZ Group Holdings,46827.7,1.3359999999999999,4724.0,-0.068,712705.5,40342,17
324,AIG,46802.0,-0.171,3643.0,-0.6459999999999999,539306.0,25200,29
325,SoftBank Group,46748.8,-0.037000000000000005,-1575.1,-0.6459999999999999,308981.9,65352,17
326,Sinomach,46482.2,-0.091,181.6,-0.6459999999999999,45848.2,117357,14
327,Talanx,46155.8,-0.17600000000000002,1709.2,0.387,187041.1,27863,11
328,America Movil,46010.9,0.077,4291.5,0.133,92397.4,176083,18
329,AstraZeneca,45811.0,0.033,5955.0,0.8109999999999999,101119.0,89900,23
330,Zhejiang Communications Investment Group,45772.0,-0.018000000000000002,763.6,-0.111,131772.9,43266,4
331,China Pacific Insurance (Group),45759.9,-0.324,3850.3,0.053,330237.8,98732,14
332,Coca-Cola,45754.0,0.064,10714.0,0.12300000000000001,97703.0,79100,30
333,TIAA,45734.8,0.11800000000000001,-1408.9,-3.8539999999999996,629369.9,16023,27
334,Caixa Economica Federal,45706.8,0.233,2349.7,0.24100000000000002,377307.8,86962,4
335,CHS,45590.0,-0.046,1900.4,0.132,18957.4,10609,17
336,China Huadian,45534.1,0.009000000000000001,1909.5,0.87,154660.9,93459,13
337,Crédit Mutuel Group,45489.9,0.591,4261.5,0.217,1008979.5,77283,1
338,MS&AD Insurance Group Holdings,45478.4,0.172,2555.0,1.141,178284.7,38391,26
339,Hyundai Mobis,45368.7,0.128,2620.6,0.361,45225.4,46183,13
340,Susun Construction Group,45265.4,-0.019,1142.0,-0.159,33330.9,141256,3
341,SNCF Group,45145.0,0.036000000000000004,1416.2,-0.445,143864.6,282786,30
342,Bristol-Myers Squibb,45006.0,-0.025,8025.0,0.268,95159.0,34100,21
343,China South Industries Group,44790.2,0.031,1136.8,0.121,65364.6,159837,15
344,Continental,44778.0,0.08,1250.1,16.847,41697.4,202763,22
345,Raizen,44694.1,-0.063,105.6,-0.777,25558.5,45417,3
346,Dow,44622.0,-0.21600000000000003,589.0,-0.872,57967.0,35900,5
347,George Weston,44559.6,0.017,1141.3,-0.182,37750.3,220280,30
348,L'Oreal,44520.7,0.106,6685.3,0.114,57273.1,94605,30
349,Fomento Econ?mico Mexicano (FEMSA),44167.9,0.319,3703.9,2.115,47602.4,392932,5
350,Telef?nica,43947.2,0.045,-964.3,-1.456,115224.2,104142,30
351,China Minsheng Banking,43553.6,-0.023,5060.3,-0.035,1081316.0,63742,12
352,Best Buy,43452.0,-0.062,1241.0,-0.125,14967.0,85000,26
353,Woolworths Group,43256.8,-0.02,1088.6,-0.8109999999999999,22412.9,200364,28
354,Shanghai Construction Group,43031.1,0.012,220.1,0.092,53830.4,51272,5
355,LG Chem,42921.6,0.067,1024.3,-0.284,59800.5,40000,5
356,Thermo Fisher Scientific,42857.0,-0.046,5995.0,-0.13699999999999998,98726.0,122000,5
357,Magna International,42797.0,0.131,1213.0,1.0490000000000002,32255.0,166000,24
358,OMV Group,42661.8,-0.349,1677.8,-0.569,55956.5,20592,16
359,Massachusetts Mutual Life,42641.4,0.059000000000000004,-771.6,-1.52,397895.0,11323,27
360,USAA,42493.4,0.171,1213.5,-1.52,211637.6,37376,11
361,Guangzhou Municipal Construction Group,42403.2,0.08,152.0,0.016,29896.7,50608,4
362,General Dynamics,42272.0,0.073,3315.0,-0.022000000000000002,54810.0,111600,24
363,Vale,41784.0,-0.057,7983.0,-0.575,94186.0,66807,18
364,Zijin Mining Group,41445.6,0.031,2983.3,0.001,48325.6,55239,4
365,Travelers,41364.0,0.122,2991.0,0.052000000000000005,125978.0,33133,21
366,Warner Bros. Discovery,41321.0,0.222,-3126.0,0.052000000000000005,122757.0,35300,2
367,Canadian Imperial Bank of Commerce,41169.8,0.69,3704.2,-0.233,703068.9,48074,15
368,LyondellBasell Industries,41107.0,-0.185,2114.0,-0.455,37000.0,20000,17
369,J. Sainsbury,41088.4,0.084,172.1,-0.309,31666.7,100000,30
370,Shenzhen Investment Holdings,41025.2,0.083,1412.5,0.5579999999999999,162424.9,103928,5
371,Ansteel Group,40684.6,-0.187,-83.1,-1.137,68003.3,149765,11
372,Hanwha,40683.2,-0.157,291.3,-0.713,161907.5,69345,19
373,U.S. Bancorp,40624.0,0.483,5429.0,-0.068,663491.0,75465,17
374,Lufthansa Group,40455.4,0.174,1808.6,1.1740000000000002,50056.3,79759,28
375,Pegatron,40356.8,-0.08800000000000001,504.6,-0.005,18176.4,147360,12
376,Abbott Laboratories,40109.0,-0.081,5723.0,-0.175,73214.0,114000,26
377,ThyssenKrupp,40027.9,-0.10099999999999999,-2209.6,-2.798,35228.6,99981,30
378,New Hope Holding Group,39988.0,-0.035,-93.0,-12.988,41771.3,79066,4
379,KDDI,39812.7,-0.05,4413.5,-0.11800000000000001,93546.2,61288,27
380,China National Nuclear,39632.9,0.015,1297.4,0.013000000000000001,188569.4,182750,5
381,Taikang Insurance Group,39411.6,0.131,1786.1,0.106,235068.5,55408,7
382,Northrop Grumman,39290.0,0.073,2056.0,-0.58,46544.0,101000,25
383,Jiangsu Shagang Group,39241.3,-0.083,227.7,-0.5920000000000001,51667.9,44004,16
384,Meituan,39092.5,0.196,1957.3,-0.5920000000000001,41284.6,114860,2
385,Chery Holding Group,39091.7,0.753,585.7,0.833,37346.7,56584,1
386,Inditex,38903.0,0.14,5823.5,0.34600000000000003,35554.5,114510,8
387,Schneider Electric,38812.2,0.08,4327.5,0.183,65053.0,168044,23
388,Northwestern Mutual,38788.1,0.051,711.4,-0.22,358828.6,8239,30
389,Dollar General,38691.6,0.022000000000000002,1661.3,-0.312,30795.6,185800,7
390,Cenovus Energy,38689.8,-0.247,3045.3,-0.386,40894.3,6925,3
391,ACS,38634.6,0.09300000000000001,843.4,0.2,40311.8,122979,20
392,Coop Group,38582.7,0.077,640.0,0.087,26139.3,82983,15
393,Fairfax Financial Holdings,38417.2,0.37,4381.8,2.82,91985.1,51044,1
394,Guangzhou Industrial Investment Holdings,38345.2,0.048,150.7,-0.35600000000000004,48958.4,88440,2
395,PBF Energy,38324.8,-0.182,2140.5,-0.256,14387.8,3776,3
396,Standard Chartered,38292.0,0.542,3469.0,0.177,822844.0,84958,10
397,Xiaomi,38276.8,-0.081,2468.5,5.712000000000001,45682.8,33627,6
398,Compass Group,38004.7,0.16699999999999998,1609.5,0.133,21489.6,562460,22
399,Meiji Yasuda Life Insurance,37897.4,-0.053,1062.3,0.675,349493.5,47140,30
400,GSK,37691.8,-0.124,6124.5,-0.6679999999999999,75203.9,70212,30
401,Suncor Energy,37609.3,-0.163,6147.7,-0.11900000000000001,67156.4,14906,14
402,Hangzhou Industrial Investment Group,37398.0,0.42,364.1,0.08199999999999999,12096.0,4056,1
403,Uber Technologies,37281.0,0.17,1887.0,0.08199999999999999,38699.0,30400,2
404,DZ Bank,37220.9,0.317,2302.7,1.124,711938.4,29901,29
405,GS Caltex,37216.9,-0.179,882.6,-0.5920000000000001,18775.2,3268,12
406,Suzuki Motor,37184.9,0.084,1852.4,0.134,35614.5,72372,30
407,Haier Smart Home,36928.8,0.02,2344.4,0.07200000000000001,35698.4,112458,7
408,X5 Retail Group,36921.9,-0.015,918.8,0.41200000000000003,17659.2,372200,5
409,La Poste,36834.9,-0.01,555.7,-0.561,845509.2,232726,29
410,Hangzhou Iron and Steel Group,36772.3,-0.001,197.3,-0.198,14862.9,11492,3
411,Shanghai Pharmaceuticals Holding,36768.8,0.066,532.3,-0.363,29864.5,48164,5
412,Shandong Hi-Speed Group,36743.8,0.066,491.6,0.105,213269.4,56432,3
413,Honeywell International,36662.0,0.034,5658.0,0.139,61525.0,95000,30
414,Guangdong Guangxin Holdings,36608.9,0.035,86.0,-0.758,17393.8,44837,2
415,S.F. Holding,36502.4,-0.08199999999999999,1163.2,0.267,31205.5,153125,3
416,Mitsubishi Electric,36379.9,-0.016,1971.6,0.248,40783.9,149134,30
417,Guangzhou Pharmaceutical Holdings,36309.8,0.026000000000000002,324.0,0.040999999999999995,11794.5,35391,4
418,China Datang,36266.4,-0.036000000000000004,332.9,0.8320000000000001,122382.1,87991,15
419,Mapfre Group,36097.7,0.457,732.1,0.084,60688.2,30873,15
420,CFE,36077.6,0.168,5481.6,0.084,137339.7,92054,14
421,Jardine Matheson,36049.0,-0.044000000000000004,686.0,0.938,89182.0,443000,25
422,Mondelez International,36016.0,0.14400000000000002,4959.0,0.825,71391.0,91000,17
423,Daiwa House Industry,35999.4,-0.006999999999999999,2067.1,-0.09300000000000001,43206.7,48483,20
424,Starbucks,35975.6,0.11599999999999999,4124.5,0.257,29445.5,381000,4
425,Olam Group,35952.8,-0.098,207.6,-0.545,25287.1,65980,4
426,Qualcomm,35820.0,-0.19,7232.0,-0.441,51040.0,50000,7
427,Broadcom,35819.0,0.079,14082.0,0.225,72861.0,20000,2
428,JFE Holdings,35803.7,-0.08,1366.0,0.13699999999999998,38056.9,62218,22
429,Hailiang Group,35701.8,0.158,32.2,-0.358,10308.3,26727,5
430,US Foods Holding,35597.0,0.045,506.0,0.909,13187.0,30000,7
431,ELO Group,35569.0,-0.006,-409.7,-12.805,22955.6,145025,28
432,Migros Group,35563.1,0.126,205.9,-0.581,95605.6,72523,30
433,Mercadona,35525.4,0.187,1090.7,0.444,14942.7,98700,2
434,D.R. Horton,35460.4,0.059000000000000004,4745.7,-0.19,32582.4,13450,4
435,China Electronics,35390.9,-0.122,26.8,-0.19,61089.3,183469,14
436,Shudao Investment Group,35379.3,-0.069,685.9,0.062,188446.2,55878,3
437,China National Coal Group,35364.0,-0.158,2154.2,0.14800000000000002,73994.9,144531,5
438,TongLing Nonferrous Metals Group,35244.5,0.019,59.7,10.936,14236.4,21443,6
439,CK Hutchison Holdings,35199.8,0.05,3001.7,-0.359,148415.6,300000,9
440,Philip Morris International,35174.0,0.107,7813.0,-0.13699999999999998,65304.0,82700,16
441,Paccar,35127.4,0.21899999999999997,4600.8,0.528,40823.4,32400,4
442,PDD Holdings,34981.1,0.802,8479.2,0.809,49040.3,17403,1
443,CRH,34949.0,0.047,3178.0,-0.177,47469.0,78500,21
444,Quanta Computer,34860.2,-0.18899999999999997,1274.1,0.31,22517.6,56708,19
445,Salesforce,34857.0,0.11199999999999999,4136.0,18.885,99823.0,72682,2
446,AIA Group,34851.0,0.8240000000000001,3764.0,12.347999999999999,286319.0,27320,9
447,Nucor,34713.5,-0.16399999999999998,4524.8,-0.405,35340.5,32000,5
448,Jabil,34702.0,0.037000000000000005,818.0,-0.179,19424.0,236000,4
449,National Australia Bank,34549.9,0.8590000000000001,4934.3,0.006,682706.8,38516,25
450,SAP SE,34542.0,0.064,6636.6,1.7630000000000001,75474.9,107602,9
451,CRRC Group,34519.7,-0.005,861.5,-0.045,76601.7,165344,6
452,Shanghai Delong Steel Group,34399.5,0.026000000000000002,223.3,-0.11900000000000001,21814.5,42843,3
453,Lennar,34233.4,0.017,3938.5,-0.146,39234.3,12284,4
454,Sompo Holdings,34136.3,0.003,2878.7,3.275,98087.4,48421,28
455,Eli Lilly,34124.1,0.196,5240.4,-0.161,64006.3,43000,16
456,Korea Gas,34114.8,-0.149,-582.8,-1.504,44197.8,4163,9
457,Molina Healthcare,34072.0,0.066,1091.0,0.37799999999999995,14892.0,18000,2
458,Beijing Jianlong Heavy Industry Group,34069.6,0.036000000000000004,138.9,-0.39399999999999996,26732.8,57863,4
459,Cummins,34065.0,0.213,735.0,-0.6579999999999999,32005.0,75500,1
460,Shaanxi Construction Engineering Holding,34060.9,-0.019,352.7,-0.098,61076.0,41390,2
461,Rabobank Group,34042.6,0.5379999999999999,4634.5,0.894,677928.0,49132,26
462,Aisin,33969.6,0.044000000000000004,628.3,1.258,30703.7,115140,23
463,Rajesh Exports,33944.1,-0.198,40.5,-0.773,2648.4,141,9
464,British American Tobacco,33907.4,-0.006,-17855.4,-3.173,151307.7,49839,27
465,CPC,33903.7,-0.14,-656.7,-3.173,34350.3,17142,23
466,Bank of New York (BNY),33805.0,0.691,3286.0,0.27699999999999997,409953.0,53400,1
467,Tongwei Group,33731.3,0.055999999999999994,593.9,-0.637,25094.0,58329,2
468,Netflix,33723.3,0.067,5408.0,0.204,48732.0,13000,4
469,Novo Nordisk,33703.8,0.34700000000000003,12143.4,0.547,46607.1,63845,1
470,Shougang Group,33621.3,-0.08800000000000001,343.8,0.821,74249.4,83509,13
471,Shanxi Coking Coal Group,33533.2,-0.195,1252.5,2.526,73316.4,214937,11
472,Guangxi Investment Group,33428.1,0.069,68.1,-0.18899999999999997,113540.5,32241,5
473,VTB Bank,33420.2,0.731,4936.4,-0.18899999999999997,327759.9,76100,4
474,Mazda Motor,33403.0,0.182,1437.1,0.36200000000000004,25074.5,48685,28
475,Hunan Iron & Steel Group,33344.8,0.019,834.0,-0.29100000000000004,24473.1,36114,3
476,Power Corp. of Canada,33264.8,-0.111,1665.3,0.10300000000000001,568475.4,40300,26
477,Truist Financial,33246.0,0.311,-1091.0,-1.1740000000000002,535349.0,49935,2
478,Siemens Energy,33184.9,0.057999999999999996,-4832.9,-1.1740000000000002,50695.2,94000,4
479,Schlumberger,33135.0,0.18,4203.0,0.221,47957.0,111000,21
480,Ecopetrol,33126.5,-0.11800000000000001,4872.4,-0.345,72404.2,19657,7
481,Arrow Electronics,33107.1,-0.10800000000000001,903.5,-0.36700000000000005,21726.2,22100,11
482,Jerónimo Martins,33089.1,0.239,817.3,0.317,15790.8,134379,1
483,China National Aviation Fuel Group,32984.2,0.042,98.8,-0.759,10700.0,13694,13
484,Commonwealth Bank of Australia,32980.5,0.502,6788.5,-0.131,834520.1,49454,18
485,Centrica,32882.1,0.12300000000000001,4883.0,-0.131,27231.7,21014,25
486,Linde,32854.0,-0.015,6199.0,0.495,80811.0,66323,5
487,Heineken,32823.1,0.087,1269.2,-0.102,60479.4,89732,15
488,Luxshare Precision Industry,32758.5,0.03,1547.2,0.136,22822.9,232585,2
489,3M,32681.0,-0.045,-6995.0,-2.211,50580.0,85000,30
490,Visa,32653.0,0.114,17273.0,0.155,90499.0,28800,1
491,Apollo Global Management,32644.0,1.808,5047.0,0.155,313488.0,6855,1
492,Emirates Group,32637.9,0.122,4692.1,0.627,44635.3,112406,5
493,Vibra Energia,32634.1,-0.07200000000000001,954.5,2.205,8961.3,3526,2
494,Metro,32579.2,0.012,468.1,2.205,12325.9,81834,7
495,Subaru,32540.1,0.16699999999999998,2664.4,0.799,31835.4,37693,20
496,Air France-KLM Group,32452.3,0.16899999999999998,1009.7,0.319,38093.7,76271,25
497,Enbridge,32349.5,-0.21,4588.3,0.988,136769.6,12450,11
498,ABB,32235.0,0.095,3745.0,0.513,40940.0,107900,29
499,Mitsubishi Heavy Industries,32223.2,0.038,1536.2,0.594,41371.9,77697,30
500,Samsung C&T,32077.9,-0.040999999999999995,1698.5,0.073,51046.8,18685,8
